,ages_ranges,all_fields,behavior,citizenship,dau_audience,family_statuses,genders,geo_locations,household_composition,interests,languages,mau_audience,name,relationship_statuses,response,scholarities,targeting,timestamp,publisher_platforms
0,{u'min': 13},"(('genders', 0), ('ages_ranges', {u'min': 13}), ('geo_locations', {u'values': [u'CO'], u'name': u'countries', u'location_types': [u'home', u'recent']}), (u'citizenship', {u'or': [6026404871583], u'name': u'Expats (Venezuela)'}))",,"{u'or': [6026404871583], u'name': u'Expats (Venezuela)'}",514210,,0.0,"{u'values': [u'CO'], u'name': u'countries', u'location_types': [u'home', u'recent']}",,,,910000,Colombia,,"{""data"":[{""bid_estimate"":{""min_bid"":25,""median_bid"":32,""max_bid"":43},""daily_outcomes_curve"":[{""spend"":0,""reach"":0,""impressions"":0,""actions"":0}],""estimate_dau"":514210,""estimate_mau"":910000,""estimate_ready"":true}]}",,"{'flexible_spec': [{'behaviors': [{'id': 6026404871583}]}], 'publisher_platforms': ['facebook'], 'geo_locations': {'location_types': [u'home', u'recent'], u'countries': [u'CO']}, 'age_min': 13, 'genders': [0], 'age_max': None}",1526830298,"[""facebook""]"
1,{u'min': 13},"(('genders', 0), ('ages_ranges', {u'min': 13}), ('geo_locations', {u'values': [u'CO'], u'name': u'countries', u'location_types': [u'home', u'recent']}), (u'citizenship', {u'or': [6015559470583], u'name': u'Ex-pats (All)'}))",,"{u'or': [6015559470583], u'name': u'Ex-pats (All)'}",968639,,0.0,"{u'values': [u'CO'], u'name': u'countries', u'location_types': [u'home', u'recent']}",,,,1800000,Colombia,,"{""data"":[{""bid_estimate"":{""min_bid"":26,""median_bid"":34,""max_bid"":47},""daily_outcomes_curve"":[{""spend"":0,""reach"":0,""impressions"":0,""actions"":0}],""estimate_dau"":968639,""estimate_mau"":1800000,""estimate_ready"":true}]}",,"{'flexible_spec': [{'behaviors': [{'id': 6015559470583}]}], 'publisher_platforms': ['facebook'], 'geo_locations': {'location_types': [u'home', u'recent'], u'countries': [u'CO']}, 'age_min': 13, 'genders': [0], 'age_max': None}",1526830298,"[""facebook""]"
2,{u'min': 13},"(('genders', 0), ('ages_ranges', {u'min': 13}), ('geo_locations', {u'values': [u'CO'], u'name': u'countries', u'location_types': [u'home', u'recent']}), (u'citizenship', None))",,,17988266,,0.0,"{u'values': [u'CO'], u'name': u'countries', u'location_types': [u'home', u'recent']}",,,,31000000,Colombia,,"{""data"":[{""bid_estimate"":{""min_bid"":25,""median_bid"":32,""max_bid"":44},""daily_outcomes_curve"":[{""spend"":0,""reach"":0,""impressions"":0,""actions"":0}],""estimate_dau"":17988266,""estimate_mau"":31000000,""estimate_ready"":true}]}",,"{'flexible_spec': [], 'publisher_platforms': ['facebook'], 'geo_locations': {'location_types': [u'home', u'recent'], u'countries': [u'CO']}, 'age_min': 13, 'genders': [0], 'age_max': None}",1526830298,"[""facebook""]"
3,{u'min': 13},"(('genders', 0), ('ages_ranges', {u'min': 13}), ('geo_locations', {u'values': [u'BR'], u'name': u'countries', u'location_types': [u'home', u'recent']}), (u'citizenship', {u'or': [6026404871583], u'name': u'Expats (Venezuela)'}))",,"{u'or': [6026404871583], u'name': u'Expats (Venezuela)'}",27914,,0.0,"{u'values': [u'BR'], u'name': u'countries', u'location_types': [u'home', u'recent']}",,,,51000,Colombia,,"{""data"":[{""bid_estimate"":{""min_bid"":32,""median_bid"":41,""max_bid"":54},""daily_outcomes_curve"":[{""spend"":0,""reach"":0,""impressions"":0,""actions"":0}],""estimate_dau"":27914,""estimate_mau"":51000,""estimate_ready"":true}]}",,"{'flexible_spec': [{'behaviors': [{'id': 6026404871583}]}], 'publisher_platforms': ['facebook'], 'geo_locations': {'location_types': [u'home', u'recent'], u'countries': [u'BR']}, 'age_min': 13, 'genders': [0], 'age_max': None}",1526830298,"[""facebook""]"
4,{u'min': 13},"(('genders', 0), ('ages_ranges', {u'min': 13}), ('geo_locations', {u'values': [u'BR'], u'name': u'countries', u'location_types': [u'home', u'recent']}), (u'citizenship', {u'or': [6015559470583], u'name': u'Ex-pats (All)'}))",,"{u'or': [6015559470583], u'name': u'Ex-pats (All)'}",1277173,,0.0,"{u'values': [u'BR'], u'name': u'countries', u'location_types': [u'home', u'recent']}",,,,2200000,Colombia,,"{""data"":[{""bid_estimate"":{""min_bid"":41,""median_bid"":51,""max_bid"":67},""daily_outcomes_curve"":[{""spend"":0,""reach"":0,""impressions"":0,""actions"":0}],""estimate_dau"":1277173,""estimate_mau"":2200000,""estimate_ready"":true}]}",,"{'flexible_spec': [{'behaviors': [{'id': 6015559470583}]}], 'publisher_platforms': ['facebook'], 'geo_locations': {'location_types': [u'home', u'recent'], u'countries': [u'BR']}, 'age_min': 13, 'genders': [0], 'age_max': None}",1526830298,"[""facebook""]"
5,{u'min': 13},"(('genders', 0), ('ages_ranges', {u'min': 13}), ('geo_locations', {u'values': [u'BR'], u'name': u'countries', u'location_types': [u'home', u'recent']}), (u'citizenship', None))",,,80774399,,0.0,"{u'values': [u'BR'], u'name': u'countries', u'location_types': [u'home', u'recent']}",,,,126000000,Colombia,,"{""data"":[{""bid_estimate"":{""min_bid"":33,""median_bid"":45,""max_bid"":65},""daily_outcomes_curve"":[{""spend"":0,""reach"":0,""impressions"":0,""actions"":0}],""estimate_dau"":80774399,""estimate_mau"":126000000,""estimate_ready"":true}]}",,"{'flexible_spec': [], 'publisher_platforms': ['facebook'], 'geo_locations': {'location_types': [u'home', u'recent'], u'countries': [u'BR']}, 'age_min': 13, 'genders': [0], 'age_max': None}",1526830298,"[""facebook""]"
6,{u'min': 13},"(('genders', 0), ('ages_ranges', {u'min': 13}), ('geo_locations', {u'values': [u'GY'], u'name': u'countries', u'location_types': [u'home', u'recent']}), (u'citizenship', {u'or': [6026404871583], u'name': u'Expats (Venezuela)'}))",,"{u'or': [6026404871583], u'name': u'Expats (Venezuela)'}",1738,,0.0,"{u'values': [u'GY'], u'name': u'countries', u'location_types': [u'home', u'recent']}",,,,3700,Colombia,,"{""data"":[{""bid_estimate"":{""min_bid"":11,""median_bid"":13,""max_bid"":17},""daily_outcomes_curve"":[{""spend"":0,""reach"":0,""impressions"":0,""actions"":0}],""estimate_dau"":1738,""estimate_mau"":3700,""estimate_ready"":true}]}",,"{'flexible_spec': [{'behaviors': [{'id': 6026404871583}]}], 'publisher_platforms': ['facebook'], 'geo_locations': {'location_types': [u'home', u'recent'], u'countries': [u'GY']}, 'age_min': 13, 'genders': [0], 'age_max': None}",1526830298,"[""facebook""]"
7,{u'min': 13},"(('genders', 0), ('ages_ranges', {u'min': 13}), ('geo_locations', {u'values': [u'GY'], u'name': u'countries', u'location_types': [u'home', u'recent']}), (u'citizenship', {u'or': [6015559470583], u'name': u'Ex-pats (All)'}))",,"{u'or': [6015559470583], u'name': u'Ex-pats (All)'}",21399,,0.0,"{u'values': [u'GY'], u'name': u'countries', u'location_types': [u'home', u'recent']}",,,,41000,Colombia,,"{""data"":[{""bid_estimate"":{""min_bid"":14,""median_bid"":19,""max_bid"":29},""daily_outcomes_curve"":[{""spend"":0,""reach"":0,""impressions"":0,""actions"":0}],""estimate_dau"":21399,""estimate_mau"":41000,""estimate_ready"":true}]}",,"{'flexible_spec': [{'behaviors': [{'id': 6015559470583}]}], 'publisher_platforms': ['facebook'], 'geo_locations': {'location_types': [u'home', u'recent'], u'countries': [u'GY']}, 'age_min': 13, 'genders': [0], 'age_max': None}",1526830298,"[""facebook""]"
8,{u'min': 13},"(('genders', 0), ('ages_ranges', {u'min': 13}), ('geo_locations', {u'values': [u'GY'], u'name': u'countries', u'location_types': [u'home', u'recent']}), (u'citizenship', None))",,,218394,,0.0,"{u'values': [u'GY'], u'name': u'countries', u'location_types': [u'home', u'recent']}",,,,390000,Colombia,,"{""data"":[{""bid_estimate"":{""min_bid"":13,""median_bid"":16,""max_bid"":22},""daily_outcomes_curve"":[{""spend"":0,""reach"":0,""impressions"":0,""actions"":0}],""estimate_dau"":218394,""estimate_mau"":390000,""estimate_ready"":true}]}",,"{'flexible_spec': [], 'publisher_platforms': ['facebook'], 'geo_locations': {'location_types': [u'home', u'recent'], u'countries': [u'GY']}, 'age_min': 13, 'genders': [0], 'age_max': None}",1526830298,"[""facebook""]"
9,{u'min': 13},"(('genders', 0), ('ages_ranges', {u'min': 13}), ('geo_locations', {u'values': [u'SR'], u'name': u'countries', u'location_types': [u'home', u'recent']}), (u'citizenship', {u'or': [6026404871583], u'name': u'Expats (Venezuela)'}))",,"{u'or': [6026404871583], u'name': u'Expats (Venezuela)'}",777,,0.0,"{u'values': [u'SR'], u'name': u'countries', u'location_types': [u'home', u'recent']}",,,,1000,Colombia,,"{""data"":[{""bid_estimate"":{""min_bid"":8,""median_bid"":10,""max_bid"":13},""daily_outcomes_curve"":[{""spend"":0,""reach"":0,""impressions"":0,""actions"":0}],""estimate_dau"":777,""estimate_mau"":1000,""estimate_ready"":true}]}",,"{'flexible_spec': [{'behaviors': [{'id': 6026404871583}]}], 'publisher_platforms': ['facebook'], 'geo_locations': {'location_types': [u'home', u'recent'], u'countries': [u'SR']}, 'age_min': 13, 'genders': [0], 'age_max': None}",1526830298,"[""facebook""]"
10,{u'min': 13},"(('genders', 0), ('ages_ranges', {u'min': 13}), ('geo_locations', {u'values': [u'SR'], u'name': u'countries', u'location_types': [u'home', u'recent']}), (u'citizenship', {u'or': [6015559470583], u'name': u'Ex-pats (All)'}))",,"{u'or': [6015559470583], u'name': u'Ex-pats (All)'}",26087,,0.0,"{u'values': [u'SR'], u'name': u'countries', u'location_types': [u'home', u'recent']}",,,,47000,Colombia,,"{""data"":[{""bid_estimate"":{""min_bid"":10,""median_bid"":13,""max_bid"":18},""daily_outcomes_curve"":[{""spend"":0,""reach"":0,""impressions"":0,""actions"":0}],""estimate_dau"":26087,""estimate_mau"":47000,""estimate_ready"":true}]}",,"{'flexible_spec': [{'behaviors': [{'id': 6015559470583}]}], 'publisher_platforms': ['facebook'], 'geo_locations': {'location_types': [u'home', u'recent'], u'countries': [u'SR']}, 'age_min': 13, 'genders': [0], 'age_max': None}",1526830298,"[""facebook""]"
11,{u'min': 13},"(('genders', 0), ('ages_ranges', {u'min': 13}), ('geo_locations', {u'values': [u'SR'], u'name': u'countries', u'location_types': [u'home', u'recent']}), (u'citizenship', None))",,,209400,,0.0,"{u'values': [u'SR'], u'name': u'countries', u'location_types': [u'home', u'recent']}",,,,330000,Colombia,,"{""data"":[{""bid_estimate"":{""min_bid"":9,""median_bid"":12,""max_bid"":15},""daily_outcomes_curve"":[{""spend"":0,""reach"":0,""impressions"":0,""actions"":0}],""estimate_dau"":209400,""estimate_mau"":330000,""estimate_ready"":true}]}",,"{'flexible_spec': [], 'publisher_platforms': ['facebook'], 'geo_locations': {'location_types': [u'home', u'recent'], u'countries': [u'SR']}, 'age_min': 13, 'genders': [0], 'age_max': None}",1526830298,"[""facebook""]"
12,{u'min': 13},"(('genders', 0), ('ages_ranges', {u'min': 13}), ('geo_locations', {u'values': [u'GF'], u'name': u'countries', u'location_types': [u'home', u'recent']}), (u'citizenship', {u'or': [6026404871583], u'name': u'Expats (Venezuela)'}))",,"{u'or': [6026404871583], u'name': u'Expats (Venezuela)'}",0,,0.0,"{u'values': [u'GF'], u'name': u'countries', u'location_types': [u'home', u'recent']}",,,,1000,Colombia,,"{""data"":[{""bid_estimate"":{""min_bid"":0,""median_bid"":0,""max_bid"":0},""daily_outcomes_curve"":[{""spend"":0,""reach"":0,""impressions"":0,""actions"":0}],""estimate_dau"":0,""estimate_mau"":1000,""estimate_ready"":true}]}",,"{'flexible_spec': [{'behaviors': [{'id': 6026404871583}]}], 'publisher_platforms': ['facebook'], 'geo_locations': {'location_types': [u'home', u'recent'], u'countries': [u'GF']}, 'age_min': 13, 'genders': [0], 'age_max': None}",1526830298,"[""facebook""]"
13,{u'min': 13},"(('genders', 0), ('ages_ranges', {u'min': 13}), ('geo_locations', {u'values': [u'GF'], u'name': u'countries', u'location_types': [u'home', u'recent']}), (u'citizenship', {u'or': [6015559470583], u'name': u'Ex-pats (All)'}))",,"{u'or': [6015559470583], u'name': u'Ex-pats (All)'}",39044,,0.0,"{u'values': [u'GF'], u'name': u'countries', u'location_types': [u'home', u'recent']}",,,,67000,Colombia,,"{""data"":[{""bid_estimate"":{""min_bid"":50,""median_bid"":66,""max_bid"":91},""daily_outcomes_curve"":[{""spend"":0,""reach"":0,""impressions"":0,""actions"":0}],""estimate_dau"":39044,""estimate_mau"":67000,""estimate_ready"":true}]}",,"{'flexible_spec': [{'behaviors': [{'id': 6015559470583}]}], 'publisher_platforms': ['facebook'], 'geo_locations': {'location_types': [u'home', u'recent'], u'countries': [u'GF']}, 'age_min': 13, 'genders': [0], 'age_max': None}",1526830298,"[""facebook""]"
14,{u'min': 13},"(('genders', 0), ('ages_ranges', {u'min': 13}), ('geo_locations', {u'values': [u'GF'], u'name': u'countries', u'location_types': [u'home', u'recent']}), (u'citizenship', None))",,,61820,,0.0,"{u'values': [u'GF'], u'name': u'countries', u'location_types': [u'home', u'recent']}",,,,110000,Colombia,,"{""data"":[{""bid_estimate"":{""min_bid"":54,""median_bid"":69,""max_bid"":94},""daily_outcomes_curve"":[{""spend"":0,""reach"":0,""impressions"":0,""actions"":0}],""estimate_dau"":61820,""estimate_mau"":110000,""estimate_ready"":true}]}",,"{'flexible_spec': [], 'publisher_platforms': ['facebook'], 'geo_locations': {'location_types': [u'home', u'recent'], u'countries': [u'GF']}, 'age_min': 13, 'genders': [0], 'age_max': None}",1526830298,"[""facebook""]"
15,{u'min': 13},"(('genders', 0), ('ages_ranges', {u'min': 13}), ('geo_locations', {u'values': [u'EC'], u'name': u'countries', u'location_types': [u'home', u'recent']}), (u'citizenship', {u'or': [6026404871583], u'name': u'Expats (Venezuela)'}))",,"{u'or': [6026404871583], u'name': u'Expats (Venezuela)'}",82935,,0.0,"{u'values': [u'EC'], u'name': u'countries', u'location_types': [u'home', u'recent']}",,,,140000,Colombia,,"{""data"":[{""bid_estimate"":{""min_bid"":19,""median_bid"":25,""max_bid"":35},""daily_outcomes_curve"":[{""spend"":0,""reach"":0,""impressions"":0,""actions"":0}],""estimate_dau"":82935,""estimate_mau"":140000,""estimate_ready"":true}]}",,"{'flexible_spec': [{'behaviors': [{'id': 6026404871583}]}], 'publisher_platforms': ['facebook'], 'geo_locations': {'location_types': [u'home', u'recent'], u'countries': [u'EC']}, 'age_min': 13, 'genders': [0], 'age_max': None}",1526830298,"[""facebook""]"
16,{u'min': 13},"(('genders', 0), ('ages_ranges', {u'min': 13}), ('geo_locations', {u'values': [u'EC'], u'name': u'countries', u'location_types': [u'home', u'recent']}), (u'citizenship', {u'or': [6015559470583], u'name': u'Ex-pats (All)'}))",,"{u'or': [6015559470583], u'name': u'Ex-pats (All)'}",483023,,0.0,"{u'values': [u'EC'], u'name': u'countries', u'location_types': [u'home', u'recent']}",,,,870000,Colombia,,"{""data"":[{""bid_estimate"":{""min_bid"":21,""median_bid"":26,""max_bid"":35},""daily_outcomes_curve"":[{""spend"":0,""reach"":0,""impressions"":0,""actions"":0}],""estimate_dau"":483023,""estimate_mau"":870000,""estimate_ready"":true}]}",,"{'flexible_spec': [{'behaviors': [{'id': 6015559470583}]}], 'publisher_platforms': ['facebook'], 'geo_locations': {'location_types': [u'home', u'recent'], u'countries': [u'EC']}, 'age_min': 13, 'genders': [0], 'age_max': None}",1526830298,"[""facebook""]"
17,{u'min': 13},"(('genders', 0), ('ages_ranges', {u'min': 13}), ('geo_locations', {u'values': [u'EC'], u'name': u'countries', u'location_types': [u'home', u'recent']}), (u'citizenship', None))",,,6313305,,0.0,"{u'values': [u'EC'], u'name': u'countries', u'location_types': [u'home', u'recent']}",,,,11000000,Colombia,,"{""data"":[{""bid_estimate"":{""min_bid"":18,""median_bid"":22,""max_bid"":28},""daily_outcomes_curve"":[{""spend"":0,""reach"":0,""impressions"":0,""actions"":0}],""estimate_dau"":6313305,""estimate_mau"":11000000,""estimate_ready"":true}]}",,"{'flexible_spec': [], 'publisher_platforms': ['facebook'], 'geo_locations': {'location_types': [u'home', u'recent'], u'countries': [u'EC']}, 'age_min': 13, 'genders': [0], 'age_max': None}",1526830298,"[""facebook""]"
18,{u'min': 13},"(('genders', 0), ('ages_ranges', {u'min': 13}), ('geo_locations', {u'values': [u'PE'], u'name': u'countries', u'location_types': [u'home', u'recent']}), (u'citizenship', {u'or': [6026404871583], u'name': u'Expats (Venezuela)'}))",,"{u'or': [6026404871583], u'name': u'Expats (Venezuela)'}",151988,,0.0,"{u'values': [u'PE'], u'name': u'countries', u'location_types': [u'home', u'recent']}",,,,270000,Colombia,,"{""data"":[{""bid_estimate"":{""min_bid"":24,""median_bid"":30,""max_bid"":39},""daily_outcomes_curve"":[{""spend"":0,""reach"":0,""impressions"":0,""actions"":0}],""estimate_dau"":151988,""estimate_mau"":270000,""estimate_ready"":true}]}",,"{'flexible_spec': [{'behaviors': [{'id': 6026404871583}]}], 'publisher_platforms': ['facebook'], 'geo_locations': {'location_types': [u'home', u'recent'], u'countries': [u'PE']}, 'age_min': 13, 'genders': [0], 'age_max': None}",1526830298,"[""facebook""]"
19,{u'min': 13},"(('genders', 0), ('ages_ranges', {u'min': 13}), ('geo_locations', {u'values': [u'PE'], u'name': u'countries', u'location_types': [u'home', u'recent']}), (u'citizenship', {u'or': [6015559470583], u'name': u'Ex-pats (All)'}))",,"{u'or': [6015559470583], u'name': u'Ex-pats (All)'}",530346,,0.0,"{u'values': [u'PE'], u'name': u'countries', u'location_types': [u'home', u'recent']}",,,,1100000,Colombia,,"{""data"":[{""bid_estimate"":{""min_bid"":31,""median_bid"":39,""max_bid"":55},""daily_outcomes_curve"":[{""spend"":0,""reach"":0,""impressions"":0,""actions"":0}],""estimate_dau"":530346,""estimate_mau"":1100000,""estimate_ready"":true}]}",,"{'flexible_spec': [{'behaviors': [{'id': 6015559470583}]}], 'publisher_platforms': ['facebook'], 'geo_locations': {'location_types': [u'home', u'recent'], u'countries': [u'PE']}, 'age_min': 13, 'genders': [0], 'age_max': None}",1526830298,"[""facebook""]"
20,{u'min': 13},"(('genders', 0), ('ages_ranges', {u'min': 13}), ('geo_locations', {u'values': [u'PE'], u'name': u'countries', u'location_types': [u'home', u'recent']}), (u'citizenship', None))",,,12370933,,0.0,"{u'values': [u'PE'], u'name': u'countries', u'location_types': [u'home', u'recent']}",,,,23000000,Colombia,,"{""data"":[{""bid_estimate"":{""min_bid"":24,""median_bid"":29,""max_bid"":36},""daily_outcomes_curve"":[{""spend"":0,""reach"":0,""impressions"":0,""actions"":0}],""estimate_dau"":12370933,""estimate_mau"":23000000,""estimate_ready"":true}]}",,"{'flexible_spec': [], 'publisher_platforms': ['facebook'], 'geo_locations': {'location_types': [u'home', u'recent'], u'countries': [u'PE']}, 'age_min': 13, 'genders': [0], 'age_max': None}",1526830298,"[""facebook""]"
21,{u'min': 13},"(('genders', 0), ('ages_ranges', {u'min': 13}), ('geo_locations', {u'values': [u'BO'], u'name': u'countries', u'location_types': [u'home', u'recent']}), (u'citizenship', {u'or': [6026404871583], u'name': u'Expats (Venezuela)'}))",,"{u'or': [6026404871583], u'name': u'Expats (Venezuela)'}",4198,,0.0,"{u'values': [u'BO'], u'name': u'countries', u'location_types': [u'home', u'recent']}",,,,6200,Colombia,,"{""data"":[{""bid_estimate"":{""min_bid"":16,""median_bid"":19,""max_bid"":25},""daily_outcomes_curve"":[{""spend"":0,""reach"":0,""impressions"":0,""actions"":0}],""estimate_dau"":4198,""estimate_mau"":6200,""estimate_ready"":true}]}",,"{'flexible_spec': [{'behaviors': [{'id': 6026404871583}]}], 'publisher_platforms': ['facebook'], 'geo_locations': {'location_types': [u'home', u'recent'], u'countries': [u'BO']}, 'age_min': 13, 'genders': [0], 'age_max': None}",1526830298,"[""facebook""]"
22,{u'min': 13},"(('genders', 0), ('ages_ranges', {u'min': 13}), ('geo_locations', {u'values': [u'BO'], u'name': u'countries', u'location_types': [u'home', u'recent']}), (u'citizenship', {u'or': [6015559470583], u'name': u'Ex-pats (All)'}))",,"{u'or': [6015559470583], u'name': u'Ex-pats (All)'}",225455,,0.0,"{u'values': [u'BO'], u'name': u'countries', u'location_types': [u'home', u'recent']}",,,,450000,Colombia,,"{""data"":[{""bid_estimate"":{""min_bid"":14,""median_bid"":17,""max_bid"":22},""daily_outcomes_curve"":[{""spend"":0,""reach"":0,""impressions"":0,""actions"":0}],""estimate_dau"":225455,""estimate_mau"":450000,""estimate_ready"":true}]}",,"{'flexible_spec': [{'behaviors': [{'id': 6015559470583}]}], 'publisher_platforms': ['facebook'], 'geo_locations': {'location_types': [u'home', u'recent'], u'countries': [u'BO']}, 'age_min': 13, 'genders': [0], 'age_max': None}",1526830298,"[""facebook""]"
23,{u'min': 13},"(('genders', 0), ('ages_ranges', {u'min': 13}), ('geo_locations', {u'values': [u'BO'], u'name': u'countries', u'location_types': [u'home', u'recent']}), (u'citizenship', None))",,,3180239,,0.0,"{u'values': [u'BO'], u'name': u'countries', u'location_types': [u'home', u'recent']}",,,,6300000,Colombia,,"{""data"":[{""bid_estimate"":{""min_bid"":14,""median_bid"":17,""max_bid"":22},""daily_outcomes_curve"":[{""spend"":0,""reach"":0,""impressions"":0,""actions"":0}],""estimate_dau"":3180239,""estimate_mau"":6300000,""estimate_ready"":true}]}",,"{'flexible_spec': [], 'publisher_platforms': ['facebook'], 'geo_locations': {'location_types': [u'home', u'recent'], u'countries': [u'BO']}, 'age_min': 13, 'genders': [0], 'age_max': None}",1526830298,"[""facebook""]"
24,{u'min': 13},"(('genders', 0), ('ages_ranges', {u'min': 13}), ('geo_locations', {u'values': [u'CL'], u'name': u'countries', u'location_types': [u'home', u'recent']}), (u'citizenship', {u'or': [6026404871583], u'name': u'Expats (Venezuela)'}))",,"{u'or': [6026404871583], u'name': u'Expats (Venezuela)'}",135125,,0.0,"{u'values': [u'CL'], u'name': u'countries', u'location_types': [u'home', u'recent']}",,,,210000,Colombia,,"{""data"":[{""bid_estimate"":{""min_bid"":38,""median_bid"":49,""max_bid"":66},""daily_outcomes_curve"":[{""spend"":0,""reach"":0,""impressions"":0,""actions"":0}],""estimate_dau"":135125,""estimate_mau"":210000,""estimate_ready"":true}]}",,"{'flexible_spec': [{'behaviors': [{'id': 6026404871583}]}], 'publisher_platforms': ['facebook'], 'geo_locations': {'location_types': [u'home', u'recent'], u'countries': [u'CL']}, 'age_min': 13, 'genders': [0], 'age_max': None}",1526830298,"[""facebook""]"
25,{u'min': 13},"(('genders', 0), ('ages_ranges', {u'min': 13}), ('geo_locations', {u'values': [u'CL'], u'name': u'countries', u'location_types': [u'home', u'recent']}), (u'citizenship', {u'or': [6015559470583], u'name': u'Ex-pats (All)'}))",,"{u'or': [6015559470583], u'name': u'Ex-pats (All)'}",1026986,,0.0,"{u'values': [u'CL'], u'name': u'countries', u'location_types': [u'home', u'recent']}",,,,1600000,Colombia,,"{""data"":[{""bid_estimate"":{""min_bid"":33,""median_bid"":42,""max_bid"":57},""daily_outcomes_curve"":[{""spend"":0,""reach"":0,""impressions"":0,""actions"":0}],""estimate_dau"":1026986,""estimate_mau"":1600000,""estimate_ready"":true}]}",,"{'flexible_spec': [{'behaviors': [{'id': 6015559470583}]}], 'publisher_platforms': ['facebook'], 'geo_locations': {'location_types': [u'home', u'recent'], u'countries': [u'CL']}, 'age_min': 13, 'genders': [0], 'age_max': None}",1526830298,"[""facebook""]"
26,{u'min': 13},"(('genders', 0), ('ages_ranges', {u'min': 13}), ('geo_locations', {u'values': [u'CL'], u'name': u'countries', u'location_types': [u'home', u'recent']}), (u'citizenship', None))",,,8368533,,0.0,"{u'values': [u'CL'], u'name': u'countries', u'location_types': [u'home', u'recent']}",,,,13000000,Colombia,,"{""data"":[{""bid_estimate"":{""min_bid"":27,""median_bid"":35,""max_bid"":48},""daily_outcomes_curve"":[{""spend"":0,""reach"":0,""impressions"":0,""actions"":0}],""estimate_dau"":8368533,""estimate_mau"":13000000,""estimate_ready"":true}]}",,"{'flexible_spec': [], 'publisher_platforms': ['facebook'], 'geo_locations': {'location_types': [u'home', u'recent'], u'countries': [u'CL']}, 'age_min': 13, 'genders': [0], 'age_max': None}",1526830298,"[""facebook""]"
27,{u'min': 13},"(('genders', 0), ('ages_ranges', {u'min': 13}), ('geo_locations', {u'values': [u'PY'], u'name': u'countries', u'location_types': [u'home', u'recent']}), (u'citizenship', {u'or': [6026404871583], u'name': u'Expats (Venezuela)'}))",,"{u'or': [6026404871583], u'name': u'Expats (Venezuela)'}",2189,,0.0,"{u'values': [u'PY'], u'name': u'countries', u'location_types': [u'home', u'recent']}",,,,3800,Colombia,,"{""data"":[{""bid_estimate"":{""min_bid"":14,""median_bid"":17,""max_bid"":23},""daily_outcomes_curve"":[{""spend"":0,""reach"":0,""impressions"":0,""actions"":0}],""estimate_dau"":2189,""estimate_mau"":3800,""estimate_ready"":true}]}",,"{'flexible_spec': [{'behaviors': [{'id': 6026404871583}]}], 'publisher_platforms': ['facebook'], 'geo_locations': {'location_types': [u'home', u'recent'], u'countries': [u'PY']}, 'age_min': 13, 'genders': [0], 'age_max': None}",1526830298,"[""facebook""]"
28,{u'min': 13},"(('genders', 0), ('ages_ranges', {u'min': 13}), ('geo_locations', {u'values': [u'PY'], u'name': u'countries', u'location_types': [u'home', u'recent']}), (u'citizenship', {u'or': [6015559470583], u'name': u'Ex-pats (All)'}))",,"{u'or': [6015559470583], u'name': u'Ex-pats (All)'}",157414,,0.0,"{u'values': [u'PY'], u'name': u'countries', u'location_types': [u'home', u'recent']}",,,,250000,Colombia,,"{""data"":[{""bid_estimate"":{""min_bid"":12,""median_bid"":14,""max_bid"":19},""daily_outcomes_curve"":[{""spend"":0,""reach"":0,""impressions"":0,""actions"":0}],""estimate_dau"":157414,""estimate_mau"":250000,""estimate_ready"":true}]}",,"{'flexible_spec': [{'behaviors': [{'id': 6015559470583}]}], 'publisher_platforms': ['facebook'], 'geo_locations': {'location_types': [u'home', u'recent'], u'countries': [u'PY']}, 'age_min': 13, 'genders': [0], 'age_max': None}",1526830298,"[""facebook""]"
29,{u'min': 13},"(('genders', 0), ('ages_ranges', {u'min': 13}), ('geo_locations', {u'values': [u'PY'], u'name': u'countries', u'location_types': [u'home', u'recent']}), (u'citizenship', None))",,,2142249,,0.0,"{u'values': [u'PY'], u'name': u'countries', u'location_types': [u'home', u'recent']}",,,,3400000,Colombia,,"{""data"":[{""bid_estimate"":{""min_bid"":13,""median_bid"":16,""max_bid"":21},""daily_outcomes_curve"":[{""spend"":0,""reach"":0,""impressions"":0,""actions"":0}],""estimate_dau"":2142249,""estimate_mau"":3400000,""estimate_ready"":true}]}",,"{'flexible_spec': [], 'publisher_platforms': ['facebook'], 'geo_locations': {'location_types': [u'home', u'recent'], u'countries': [u'PY']}, 'age_min': 13, 'genders': [0], 'age_max': None}",1526830298,"[""facebook""]"
30,{u'min': 13},"(('genders', 0), ('ages_ranges', {u'min': 13}), ('geo_locations', {u'values': [u'AR'], u'name': u'countries', u'location_types': [u'home', u'recent']}), (u'citizenship', {u'or': [6026404871583], u'name': u'Expats (Venezuela)'}))",,"{u'or': [6026404871583], u'name': u'Expats (Venezuela)'}",50235,,0.0,"{u'values': [u'AR'], u'name': u'countries', u'location_types': [u'home', u'recent']}",,,,93000,Colombia,,"{""data"":[{""bid_estimate"":{""min_bid"":46,""median_bid"":67,""max_bid"":101},""daily_outcomes_curve"":[{""spend"":0,""reach"":0,""impressions"":0,""actions"":0}],""estimate_dau"":50235,""estimate_mau"":93000,""estimate_ready"":true}]}",,"{'flexible_spec': [{'behaviors': [{'id': 6026404871583}]}], 'publisher_platforms': ['facebook'], 'geo_locations': {'location_types': [u'home', u'recent'], u'countries': [u'AR']}, 'age_min': 13, 'genders': [0], 'age_max': None}",1526830298,"[""facebook""]"
31,{u'min': 13},"(('genders', 0), ('ages_ranges', {u'min': 13}), ('geo_locations', {u'values': [u'AR'], u'name': u'countries', u'location_types': [u'home', u'recent']}), (u'citizenship', {u'or': [6015559470583], u'name': u'Ex-pats (All)'}))",,"{u'or': [6015559470583], u'name': u'Ex-pats (All)'}",1381839,,0.0,"{u'values': [u'AR'], u'name': u'countries', u'location_types': [u'home', u'recent']}",,,,2300000,Colombia,,"{""data"":[{""bid_estimate"":{""min_bid"":29,""median_bid"":38,""max_bid"":56},""daily_outcomes_curve"":[{""spend"":0,""reach"":0,""impressions"":0,""actions"":0}],""estimate_dau"":1381839,""estimate_mau"":2300000,""estimate_ready"":true}]}",,"{'flexible_spec': [{'behaviors': [{'id': 6015559470583}]}], 'publisher_platforms': ['facebook'], 'geo_locations': {'location_types': [u'home', u'recent'], u'countries': [u'AR']}, 'age_min': 13, 'genders': [0], 'age_max': None}",1526830298,"[""facebook""]"
32,{u'min': 13},"(('genders', 0), ('ages_ranges', {u'min': 13}), ('geo_locations', {u'values': [u'AR'], u'name': u'countries', u'location_types': [u'home', u'recent']}), (u'citizenship', None))",,,19925333,,0.0,"{u'values': [u'AR'], u'name': u'countries', u'location_types': [u'home', u'recent']}",,,,32000000,Colombia,,"{""data"":[{""bid_estimate"":{""min_bid"":22,""median_bid"":28,""max_bid"":37},""daily_outcomes_curve"":[{""spend"":0,""reach"":0,""impressions"":0,""actions"":0}],""estimate_dau"":19925333,""estimate_mau"":32000000,""estimate_ready"":true}]}",,"{'flexible_spec': [], 'publisher_platforms': ['facebook'], 'geo_locations': {'location_types': [u'home', u'recent'], u'countries': [u'AR']}, 'age_min': 13, 'genders': [0], 'age_max': None}",1526830298,"[""facebook""]"
33,{u'min': 13},"(('genders', 0), ('ages_ranges', {u'min': 13}), ('geo_locations', {u'values': [u'UY'], u'name': u'countries', u'location_types': [u'home', u'recent']}), (u'citizenship', {u'or': [6026404871583], u'name': u'Expats (Venezuela)'}))",,"{u'or': [6026404871583], u'name': u'Expats (Venezuela)'}",5148,,0.0,"{u'values': [u'UY'], u'name': u'countries', u'location_types': [u'home', u'recent']}",,,,8100,Colombia,,"{""data"":[{""bid_estimate"":{""min_bid"":27,""median_bid"":35,""max_bid"":49},""daily_outcomes_curve"":[{""spend"":0,""reach"":0,""impressions"":0,""actions"":0}],""estimate_dau"":5148,""estimate_mau"":8100,""estimate_ready"":true}]}",,"{'flexible_spec': [{'behaviors': [{'id': 6026404871583}]}], 'publisher_platforms': ['facebook'], 'geo_locations': {'location_types': [u'home', u'recent'], u'countries': [u'UY']}, 'age_min': 13, 'genders': [0], 'age_max': None}",1526830298,"[""facebook""]"
34,{u'min': 13},"(('genders', 0), ('ages_ranges', {u'min': 13}), ('geo_locations', {u'values': [u'UY'], u'name': u'countries', u'location_types': [u'home', u'recent']}), (u'citizenship', {u'or': [6015559470583], u'name': u'Ex-pats (All)'}))",,"{u'or': [6015559470583], u'name': u'Ex-pats (All)'}",92581,,0.0,"{u'values': [u'UY'], u'name': u'countries', u'location_types': [u'home', u'recent']}",,,,170000,Colombia,,"{""data"":[{""bid_estimate"":{""min_bid"":22,""median_bid"":27,""max_bid"":36},""daily_outcomes_curve"":[{""spend"":0,""reach"":0,""impressions"":0,""actions"":0}],""estimate_dau"":92581,""estimate_mau"":170000,""estimate_ready"":true}]}",,"{'flexible_spec': [{'behaviors': [{'id': 6015559470583}]}], 'publisher_platforms': ['facebook'], 'geo_locations': {'location_types': [u'home', u'recent'], u'countries': [u'UY']}, 'age_min': 13, 'genders': [0], 'age_max': None}",1526830298,"[""facebook""]"
35,{u'min': 13},"(('genders', 0), ('ages_ranges', {u'min': 13}), ('geo_locations', {u'values': [u'UY'], u'name': u'countries', u'location_types': [u'home', u'recent']}), (u'citizenship', None))",,,1606309,,0.0,"{u'values': [u'UY'], u'name': u'countries', u'location_types': [u'home', u'recent']}",,,,2500000,Colombia,,"{""data"":[{""bid_estimate"":{""min_bid"":19,""median_bid"":23,""max_bid"":30},""daily_outcomes_curve"":[{""spend"":0,""reach"":0,""impressions"":0,""actions"":0}],""estimate_dau"":1606309,""estimate_mau"":2500000,""estimate_ready"":true}]}",,"{'flexible_spec': [], 'publisher_platforms': ['facebook'], 'geo_locations': {'location_types': [u'home', u'recent'], u'countries': [u'UY']}, 'age_min': 13, 'genders': [0], 'age_max': None}",1526830298,"[""facebook""]"
36,{u'min': 13},"(('genders', 0), ('ages_ranges', {u'min': 13}), ('geo_locations', {u'values': [u'PA'], u'name': u'countries', u'location_types': [u'home', u'recent']}), (u'citizenship', {u'or': [6026404871583], u'name': u'Expats (Venezuela)'}))",,"{u'or': [6026404871583], u'name': u'Expats (Venezuela)'}",48787,,0.0,"{u'values': [u'PA'], u'name': u'countries', u'location_types': [u'home', u'recent']}",,,,83000,Colombia,,"{""data"":[{""bid_estimate"":{""min_bid"":54,""median_bid"":66,""max_bid"":84},""daily_outcomes_curve"":[{""spend"":0,""reach"":0,""impressions"":0,""actions"":0}],""estimate_dau"":48787,""estimate_mau"":83000,""estimate_ready"":true}]}",,"{'flexible_spec': [{'behaviors': [{'id': 6026404871583}]}], 'publisher_platforms': ['facebook'], 'geo_locations': {'location_types': [u'home', u'recent'], u'countries': [u'PA']}, 'age_min': 13, 'genders': [0], 'age_max': None}",1526830298,"[""facebook""]"
37,{u'min': 13},"(('genders', 0), ('ages_ranges', {u'min': 13}), ('geo_locations', {u'values': [u'PA'], u'name': u'countries', u'location_types': [u'home', u'recent']}), (u'citizenship', {u'or': [6015559470583], u'name': u'Ex-pats (All)'}))",,"{u'or': [6015559470583], u'name': u'Ex-pats (All)'}",174804,,0.0,"{u'values': [u'PA'], u'name': u'countries', u'location_types': [u'home', u'recent']}",,,,330000,Colombia,,"{""data"":[{""bid_estimate"":{""min_bid"":56,""median_bid"":69,""max_bid"":88},""daily_outcomes_curve"":[{""spend"":0,""reach"":0,""impressions"":0,""actions"":0}],""estimate_dau"":174804,""estimate_mau"":330000,""estimate_ready"":true}]}",,"{'flexible_spec': [{'behaviors': [{'id': 6015559470583}]}], 'publisher_platforms': ['facebook'], 'geo_locations': {'location_types': [u'home', u'recent'], u'countries': [u'PA']}, 'age_min': 13, 'genders': [0], 'age_max': None}",1526830298,"[""facebook""]"
38,{u'min': 13},"(('genders', 0), ('ages_ranges', {u'min': 13}), ('geo_locations', {u'values': [u'PA'], u'name': u'countries', u'location_types': [u'home', u'recent']}), (u'citizenship', None))",,,867412,,0.0,"{u'values': [u'PA'], u'name': u'countries', u'location_types': [u'home', u'recent']}",,,,1900000,Colombia,,"{""data"":[{""bid_estimate"":{""min_bid"":53,""median_bid"":65,""max_bid"":85},""daily_outcomes_curve"":[{""spend"":0,""reach"":0,""impressions"":0,""actions"":0}],""estimate_dau"":867412,""estimate_mau"":1900000,""estimate_ready"":true}]}",,"{'flexible_spec': [], 'publisher_platforms': ['facebook'], 'geo_locations': {'location_types': [u'home', u'recent'], u'countries': [u'PA']}, 'age_min': 13, 'genders': [0], 'age_max': None}",1526830298,"[""facebook""]"
39,{u'min': 13},"(('genders', 0), ('ages_ranges', {u'min': 13}), ('geo_locations', {u'values': [u'CR'], u'name': u'countries', u'location_types': [u'home', u'recent']}), (u'citizenship', {u'or': [6026404871583], u'name': u'Expats (Venezuela)'}))",,"{u'or': [6026404871583], u'name': u'Expats (Venezuela)'}",10582,,0.0,"{u'values': [u'CR'], u'name': u'countries', u'location_types': [u'home', u'recent']}",,,,15000,Colombia,,"{""data"":[{""bid_estimate"":{""min_bid"":31,""median_bid"":39,""max_bid"":56},""daily_outcomes_curve"":[{""spend"":0,""reach"":0,""impressions"":0,""actions"":0}],""estimate_dau"":10582,""estimate_mau"":15000,""estimate_ready"":true}]}",,"{'flexible_spec': [{'behaviors': [{'id': 6026404871583}]}], 'publisher_platforms': ['facebook'], 'geo_locations': {'location_types': [u'home', u'recent'], u'countries': [u'CR']}, 'age_min': 13, 'genders': [0], 'age_max': None}",1526830298,"[""facebook""]"
40,{u'min': 13},"(('genders', 0), ('ages_ranges', {u'min': 13}), ('geo_locations', {u'values': [u'CR'], u'name': u'countries', u'location_types': [u'home', u'recent']}), (u'citizenship', {u'or': [6015559470583], u'name': u'Ex-pats (All)'}))",,"{u'or': [6015559470583], u'name': u'Ex-pats (All)'}",267435,,0.0,"{u'values': [u'CR'], u'name': u'countries', u'location_types': [u'home', u'recent']}",,,,410000,Colombia,,"{""data"":[{""bid_estimate"":{""min_bid"":31,""median_bid"":38,""max_bid"":50},""daily_outcomes_curve"":[{""spend"":0,""reach"":0,""impressions"":0,""actions"":0}],""estimate_dau"":267435,""estimate_mau"":410000,""estimate_ready"":true}]}",,"{'flexible_spec': [{'behaviors': [{'id': 6015559470583}]}], 'publisher_platforms': ['facebook'], 'geo_locations': {'location_types': [u'home', u'recent'], u'countries': [u'CR']}, 'age_min': 13, 'genders': [0], 'age_max': None}",1526830298,"[""facebook""]"
41,{u'min': 13},"(('genders', 0), ('ages_ranges', {u'min': 13}), ('geo_locations', {u'values': [u'CR'], u'name': u'countries', u'location_types': [u'home', u'recent']}), (u'citizenship', None))",,,2365439,,0.0,"{u'values': [u'CR'], u'name': u'countries', u'location_types': [u'home', u'recent']}",,,,3300000,Colombia,,"{""data"":[{""bid_estimate"":{""min_bid"":25,""median_bid"":32,""max_bid"":42},""daily_outcomes_curve"":[{""spend"":0,""reach"":0,""impressions"":0,""actions"":0}],""estimate_dau"":2365439,""estimate_mau"":3300000,""estimate_ready"":true}]}",,"{'flexible_spec': [], 'publisher_platforms': ['facebook'], 'geo_locations': {'location_types': [u'home', u'recent'], u'countries': [u'CR']}, 'age_min': 13, 'genders': [0], 'age_max': None}",1526830298,"[""facebook""]"
42,{u'min': 13},"(('genders', 0), ('ages_ranges', {u'min': 13}), ('geo_locations', {u'values': [u'MX'], u'name': u'countries', u'location_types': [u'home', u'recent']}), (u'citizenship', {u'or': [6026404871583], u'name': u'Expats (Venezuela)'}))",,"{u'or': [6026404871583], u'name': u'Expats (Venezuela)'}",53140,,0.0,"{u'values': [u'MX'], u'name': u'countries', u'location_types': [u'home', u'recent']}",,,,97000,Colombia,,"{""data"":[{""bid_estimate"":{""min_bid"":37,""median_bid"":48,""max_bid"":68},""daily_outcomes_curve"":[{""spend"":0,""reach"":0,""impressions"":0,""actions"":0}],""estimate_dau"":53140,""estimate_mau"":97000,""estimate_ready"":true}]}",,"{'flexible_spec': [{'behaviors': [{'id': 6026404871583}]}], 'publisher_platforms': ['facebook'], 'geo_locations': {'location_types': [u'home', u'recent'], u'countries': [u'MX']}, 'age_min': 13, 'genders': [0], 'age_max': None}",1526830298,"[""facebook""]"
43,{u'min': 13},"(('genders', 0), ('ages_ranges', {u'min': 13}), ('geo_locations', {u'values': [u'MX'], u'name': u'countries', u'location_types': [u'home', u'recent']}), (u'citizenship', {u'or': [6015559470583], u'name': u'Ex-pats (All)'}))",,"{u'or': [6015559470583], u'name': u'Ex-pats (All)'}",3053332,,0.0,"{u'values': [u'MX'], u'name': u'countries', u'location_types': [u'home', u'recent']}",,,,5000000,Colombia,,"{""data"":[{""bid_estimate"":{""min_bid"":22,""median_bid"":28,""max_bid"":39},""daily_outcomes_curve"":[{""spend"":0,""reach"":0,""impressions"":0,""actions"":0}],""estimate_dau"":3053332,""estimate_mau"":5000000,""estimate_ready"":true}]}",,"{'flexible_spec': [{'behaviors': [{'id': 6015559470583}]}], 'publisher_platforms': ['facebook'], 'geo_locations': {'location_types': [u'home', u'recent'], u'countries': [u'MX']}, 'age_min': 13, 'genders': [0], 'age_max': None}",1526830298,"[""facebook""]"
44,{u'min': 13},"(('genders', 0), ('ages_ranges', {u'min': 13}), ('geo_locations', {u'values': [u'MX'], u'name': u'countries', u'location_types': [u'home', u'recent']}), (u'citizenship', None))",,,49711466,,0.0,"{u'values': [u'MX'], u'name': u'countries', u'location_types': [u'home', u'recent']}",,,,83000000,Colombia,,"{""data"":[{""bid_estimate"":{""min_bid"":23,""median_bid"":28,""max_bid"":37},""daily_outcomes_curve"":[{""spend"":0,""reach"":0,""impressions"":0,""actions"":0}],""estimate_dau"":49711466,""estimate_mau"":83000000,""estimate_ready"":true}]}",,"{'flexible_spec': [], 'publisher_platforms': ['facebook'], 'geo_locations': {'location_types': [u'home', u'recent'], u'countries': [u'MX']}, 'age_min': 13, 'genders': [0], 'age_max': None}",1526830298,"[""facebook""]"
45,{u'min': 13},"(('genders', 0), ('ages_ranges', {u'min': 13}), ('geo_locations', {u'values': [u'US'], u'name': u'countries', u'location_types': [u'home', u'recent']}), (u'citizenship', {u'or': [6026404871583], u'name': u'Expats (Venezuela)'}))",,"{u'or': [6026404871583], u'name': u'Expats (Venezuela)'}",237735,,0.0,"{u'values': [u'US'], u'name': u'countries', u'location_types': [u'home', u'recent']}",,,,390000,Colombia,,"{""data"":[{""bid_estimate"":{""min_bid"":263,""median_bid"":330,""max_bid"":431},""daily_outcomes_curve"":[{""spend"":0,""reach"":0,""impressions"":0,""actions"":0}],""estimate_dau"":237735,""estimate_mau"":390000,""estimate_ready"":true}]}",,"{'flexible_spec': [{'behaviors': [{'id': 6026404871583}]}], 'publisher_platforms': ['facebook'], 'geo_locations': {'location_types': [u'home', u'recent'], u'countries': [u'US']}, 'age_min': 13, 'genders': [0], 'age_max': None}",1526830298,"[""facebook""]"
46,{u'min': 13},"(('genders', 0), ('ages_ranges', {u'min': 13}), ('geo_locations', {u'values': [u'US'], u'name': u'countries', u'location_types': [u'home', u'recent']}), (u'citizenship', {u'or': [6015559470583], u'name': u'Ex-pats (All)'}))",,"{u'or': [6015559470583], u'name': u'Ex-pats (All)'}",24393599,,0.0,"{u'values': [u'US'], u'name': u'countries', u'location_types': [u'home', u'recent']}",,,,36000000,Colombia,,"{""data"":[{""bid_estimate"":{""min_bid"":218,""median_bid"":298,""max_bid"":445},""daily_outcomes_curve"":[{""spend"":0,""reach"":0,""impressions"":0,""actions"":0}],""estimate_dau"":24393599,""estimate_mau"":36000000,""estimate_ready"":true}]}",,"{'flexible_spec': [{'behaviors': [{'id': 6015559470583}]}], 'publisher_platforms': ['facebook'], 'geo_locations': {'location_types': [u'home', u'recent'], u'countries': [u'US']}, 'age_min': 13, 'genders': [0], 'age_max': None}",1526830298,"[""facebook""]"
47,{u'min': 13},"(('genders', 0), ('ages_ranges', {u'min': 13}), ('geo_locations', {u'values': [u'US'], u'name': u'countries', u'location_types': [u'home', u'recent']}), (u'citizenship', None))",,,140581333,,0.0,"{u'values': [u'US'], u'name': u'countries', u'location_types': [u'home', u'recent']}",,,,215000000,Colombia,,"{""data"":[{""bid_estimate"":{""min_bid"":171,""median_bid"":232,""max_bid"":358},""daily_outcomes_curve"":[{""spend"":0,""reach"":0,""impressions"":0,""actions"":0}],""estimate_dau"":140581333,""estimate_mau"":215000000,""estimate_ready"":true}]}",,"{'flexible_spec': [], 'publisher_platforms': ['facebook'], 'geo_locations': {'location_types': [u'home', u'recent'], u'countries': [u'US']}, 'age_min': 13, 'genders': [0], 'age_max': None}",1526830298,"[""facebook""]"
48,{u'min': 13},"(('genders', 0), ('ages_ranges', {u'min': 13}), ('geo_locations', {u'values': [u'CA'], u'name': u'countries', u'location_types': [u'home', u'recent']}), (u'citizenship', {u'or': [6026404871583], u'name': u'Expats (Venezuela)'}))",,"{u'or': [6026404871583], u'name': u'Expats (Venezuela)'}",17413,,0.0,"{u'values': [u'CA'], u'name': u'countries', u'location_types': [u'home', u'recent']}",,,,26000,Colombia,,"{""data"":[{""bid_estimate"":{""min_bid"":203,""median_bid"":262,""max_bid"":368},""daily_outcomes_curve"":[{""spend"":0,""reach"":0,""impressions"":0,""actions"":0}],""estimate_dau"":17413,""estimate_mau"":26000,""estimate_ready"":true}]}",,"{'flexible_spec': [{'behaviors': [{'id': 6026404871583}]}], 'publisher_platforms': ['facebook'], 'geo_locations': {'location_types': [u'home', u'recent'], u'countries': [u'CA']}, 'age_min': 13, 'genders': [0], 'age_max': None}",1526830298,"[""facebook""]"
49,{u'min': 13},"(('genders', 0), ('ages_ranges', {u'min': 13}), ('geo_locations', {u'values': [u'CA'], u'name': u'countries', u'location_types': [u'home', u'recent']}), (u'citizenship', {u'or': [6015559470583], u'name': u'Ex-pats (All)'}))",,"{u'or': [6015559470583], u'name': u'Ex-pats (All)'}",3733519,,0.0,"{u'values': [u'CA'], u'name': u'countries', u'location_types': [u'home', u'recent']}",,,,5900000,Colombia,,"{""data"":[{""bid_estimate"":{""min_bid"":183,""median_bid"":250,""max_bid"":367},""daily_outcomes_curve"":[{""spend"":0,""reach"":0,""impressions"":0,""actions"":0}],""estimate_dau"":3733519,""estimate_mau"":5900000,""estimate_ready"":true}]}",,"{'flexible_spec': [{'behaviors': [{'id': 6015559470583}]}], 'publisher_platforms': ['facebook'], 'geo_locations': {'location_types': [u'home', u'recent'], u'countries': [u'CA']}, 'age_min': 13, 'genders': [0], 'age_max': None}",1526830298,"[""facebook""]"
50,{u'min': 13},"(('genders', 0), ('ages_ranges', {u'min': 13}), ('geo_locations', {u'values': [u'CA'], u'name': u'countries', u'location_types': [u'home', u'recent']}), (u'citizenship', None))",,,15535253,,0.0,"{u'values': [u'CA'], u'name': u'countries', u'location_types': [u'home', u'recent']}",,,,23000000,Colombia,,"{""data"":[{""bid_estimate"":{""min_bid"":190,""median_bid"":261,""max_bid"":377},""daily_outcomes_curve"":[{""spend"":0,""reach"":0,""impressions"":0,""actions"":0}],""estimate_dau"":15535253,""estimate_mau"":23000000,""estimate_ready"":true}]}",,"{'flexible_spec': [], 'publisher_platforms': ['facebook'], 'geo_locations': {'location_types': [u'home', u'recent'], u'countries': [u'CA']}, 'age_min': 13, 'genders': [0], 'age_max': None}",1526830298,"[""facebook""]"
51,{u'min': 13},"(('genders', 0), ('ages_ranges', {u'min': 13}), ('geo_locations', {u'values': [u'NI'], u'name': u'countries', u'location_types': [u'home', u'recent']}), (u'citizenship', {u'or': [6026404871583], u'name': u'Expats (Venezuela)'}))",,"{u'or': [6026404871583], u'name': u'Expats (Venezuela)'}",930,,0.0,"{u'values': [u'NI'], u'name': u'countries', u'location_types': [u'home', u'recent']}",,,,2300,Colombia,,"{""data"":[{""bid_estimate"":{""min_bid"":9,""median_bid"":11,""max_bid"":15},""daily_outcomes_curve"":[{""spend"":0,""reach"":0,""impressions"":0,""actions"":0}],""estimate_dau"":930,""estimate_mau"":2300,""estimate_ready"":true}]}",,"{'flexible_spec': [{'behaviors': [{'id': 6026404871583}]}], 'publisher_platforms': ['facebook'], 'geo_locations': {'location_types': [u'home', u'recent'], u'countries': [u'NI']}, 'age_min': 13, 'genders': [0], 'age_max': None}",1526830298,"[""facebook""]"
52,{u'min': 13},"(('genders', 0), ('ages_ranges', {u'min': 13}), ('geo_locations', {u'values': [u'NI'], u'name': u'countries', u'location_types': [u'home', u'recent']}), (u'citizenship', {u'or': [6015559470583], u'name': u'Ex-pats (All)'}))",,"{u'or': [6015559470583], u'name': u'Ex-pats (All)'}",86519,,0.0,"{u'values': [u'NI'], u'name': u'countries', u'location_types': [u'home', u'recent']}",,,,170000,Colombia,,"{""data"":[{""bid_estimate"":{""min_bid"":8,""median_bid"":10,""max_bid"":13},""daily_outcomes_curve"":[{""spend"":0,""reach"":0,""impressions"":0,""actions"":0}],""estimate_dau"":86519,""estimate_mau"":170000,""estimate_ready"":true}]}",,"{'flexible_spec': [{'behaviors': [{'id': 6015559470583}]}], 'publisher_platforms': ['facebook'], 'geo_locations': {'location_types': [u'home', u'recent'], u'countries': [u'NI']}, 'age_min': 13, 'genders': [0], 'age_max': None}",1526830298,"[""facebook""]"
53,{u'min': 13},"(('genders', 0), ('ages_ranges', {u'min': 13}), ('geo_locations', {u'values': [u'NI'], u'name': u'countries', u'location_types': [u'home', u'recent']}), (u'citizenship', None))",,,1460479,,0.0,"{u'values': [u'NI'], u'name': u'countries', u'location_types': [u'home', u'recent']}",,,,2800000,Colombia,,"{""data"":[{""bid_estimate"":{""min_bid"":7,""median_bid"":8,""max_bid"":11},""daily_outcomes_curve"":[{""spend"":0,""reach"":0,""impressions"":0,""actions"":0}],""estimate_dau"":1460479,""estimate_mau"":2800000,""estimate_ready"":true}]}",,"{'flexible_spec': [], 'publisher_platforms': ['facebook'], 'geo_locations': {'location_types': [u'home', u'recent'], u'countries': [u'NI']}, 'age_min': 13, 'genders': [0], 'age_max': None}",1526830298,"[""facebook""]"
54,{u'min': 13},"(('genders', 0), ('ages_ranges', {u'min': 13}), ('geo_locations', {u'values': [u'GT'], u'name': u'countries', u'location_types': [u'home', u'recent']}), (u'citizenship', {u'or': [6026404871583], u'name': u'Expats (Venezuela)'}))",,"{u'or': [6026404871583], u'name': u'Expats (Venezuela)'}",2590,,0.0,"{u'values': [u'GT'], u'name': u'countries', u'location_types': [u'home', u'recent']}",,,,6400,Colombia,,"{""data"":[{""bid_estimate"":{""min_bid"":23,""median_bid"":30,""max_bid"":39},""daily_outcomes_curve"":[{""spend"":0,""reach"":0,""impressions"":0,""actions"":0}],""estimate_dau"":2590,""estimate_mau"":6400,""estimate_ready"":true}]}",,"{'flexible_spec': [{'behaviors': [{'id': 6026404871583}]}], 'publisher_platforms': ['facebook'], 'geo_locations': {'location_types': [u'home', u'recent'], u'countries': [u'GT']}, 'age_min': 13, 'genders': [0], 'age_max': None}",1526830298,"[""facebook""]"
55,{u'min': 13},"(('genders', 0), ('ages_ranges', {u'min': 13}), ('geo_locations', {u'values': [u'GT'], u'name': u'countries', u'location_types': [u'home', u'recent']}), (u'citizenship', {u'or': [6015559470583], u'name': u'Ex-pats (All)'}))",,"{u'or': [6015559470583], u'name': u'Ex-pats (All)'}",178651,,0.0,"{u'values': [u'GT'], u'name': u'countries', u'location_types': [u'home', u'recent']}",,,,410000,Colombia,,"{""data"":[{""bid_estimate"":{""min_bid"":20,""median_bid"":24,""max_bid"":31},""daily_outcomes_curve"":[{""spend"":0,""reach"":0,""impressions"":0,""actions"":0}],""estimate_dau"":178651,""estimate_mau"":410000,""estimate_ready"":true}]}",,"{'flexible_spec': [{'behaviors': [{'id': 6015559470583}]}], 'publisher_platforms': ['facebook'], 'geo_locations': {'location_types': [u'home', u'recent'], u'countries': [u'GT']}, 'age_min': 13, 'genders': [0], 'age_max': None}",1526830298,"[""facebook""]"
56,{u'min': 13},"(('genders', 0), ('ages_ranges', {u'min': 13}), ('geo_locations', {u'values': [u'GT'], u'name': u'countries', u'location_types': [u'home', u'recent']}), (u'citizenship', None))",,,3567359,,0.0,"{u'values': [u'GT'], u'name': u'countries', u'location_types': [u'home', u'recent']}",,,,7200000,Colombia,,"{""data"":[{""bid_estimate"":{""min_bid"":14,""median_bid"":17,""max_bid"":22},""daily_outcomes_curve"":[{""spend"":0,""reach"":0,""impressions"":0,""actions"":0}],""estimate_dau"":3567359,""estimate_mau"":7200000,""estimate_ready"":true}]}",,"{'flexible_spec': [], 'publisher_platforms': ['facebook'], 'geo_locations': {'location_types': [u'home', u'recent'], u'countries': [u'GT']}, 'age_min': 13, 'genders': [0], 'age_max': None}",1526830298,"[""facebook""]"
57,{u'min': 13},"(('genders', 0), ('ages_ranges', {u'min': 13}), ('geo_locations', {u'values': [u'HN'], u'name': u'countries', u'location_types': [u'home', u'recent']}), (u'citizenship', {u'or': [6026404871583], u'name': u'Expats (Venezuela)'}))",,"{u'or': [6026404871583], u'name': u'Expats (Venezuela)'}",481,,0.0,"{u'values': [u'HN'], u'name': u'countries', u'location_types': [u'home', u'recent']}",,,,1900,Colombia,,"{""data"":[{""bid_estimate"":{""min_bid"":15,""median_bid"":18,""max_bid"":23},""daily_outcomes_curve"":[{""spend"":0,""reach"":0,""impressions"":0,""actions"":0}],""estimate_dau"":481,""estimate_mau"":1900,""estimate_ready"":true}]}",,"{'flexible_spec': [{'behaviors': [{'id': 6026404871583}]}], 'publisher_platforms': ['facebook'], 'geo_locations': {'location_types': [u'home', u'recent'], u'countries': [u'HN']}, 'age_min': 13, 'genders': [0], 'age_max': None}",1526830298,"[""facebook""]"
58,{u'min': 13},"(('genders', 0), ('ages_ranges', {u'min': 13}), ('geo_locations', {u'values': [u'HN'], u'name': u'countries', u'location_types': [u'home', u'recent']}), (u'citizenship', {u'or': [6015559470583], u'name': u'Ex-pats (All)'}))",,"{u'or': [6015559470583], u'name': u'Ex-pats (All)'}",94008,,0.0,"{u'values': [u'HN'], u'name': u'countries', u'location_types': [u'home', u'recent']}",,,,190000,Colombia,,"{""data"":[{""bid_estimate"":{""min_bid"":14,""median_bid"":18,""max_bid"":23},""daily_outcomes_curve"":[{""spend"":0,""reach"":0,""impressions"":0,""actions"":0}],""estimate_dau"":94008,""estimate_mau"":190000,""estimate_ready"":true}]}",,"{'flexible_spec': [{'behaviors': [{'id': 6015559470583}]}], 'publisher_platforms': ['facebook'], 'geo_locations': {'location_types': [u'home', u'recent'], u'countries': [u'HN']}, 'age_min': 13, 'genders': [0], 'age_max': None}",1526830298,"[""facebook""]"
59,{u'min': 13},"(('genders', 0), ('ages_ranges', {u'min': 13}), ('geo_locations', {u'values': [u'HN'], u'name': u'countries', u'location_types': [u'home', u'recent']}), (u'citizenship', None))",,,1898254,,0.0,"{u'values': [u'HN'], u'name': u'countries', u'location_types': [u'home', u'recent']}",,,,3500000,Colombia,,"{""data"":[{""bid_estimate"":{""min_bid"":13,""median_bid"":16,""max_bid"":20},""daily_outcomes_curve"":[{""spend"":0,""reach"":0,""impressions"":0,""actions"":0}],""estimate_dau"":1898254,""estimate_mau"":3500000,""estimate_ready"":true}]}",,"{'flexible_spec': [], 'publisher_platforms': ['facebook'], 'geo_locations': {'location_types': [u'home', u'recent'], u'countries': [u'HN']}, 'age_min': 13, 'genders': [0], 'age_max': None}",1526830298,"[""facebook""]"
60,{u'min': 13},"(('genders', 0), ('ages_ranges', {u'min': 13}), ('geo_locations', {u'values': [u'SV'], u'name': u'countries', u'location_types': [u'home', u'recent']}), (u'citizenship', {u'or': [6026404871583], u'name': u'Expats (Venezuela)'}))",,"{u'or': [6026404871583], u'name': u'Expats (Venezuela)'}",1097,,0.0,"{u'values': [u'SV'], u'name': u'countries', u'location_types': [u'home', u'recent']}",,,,3500,Colombia,,"{""data"":[{""bid_estimate"":{""min_bid"":20,""median_bid"":27,""max_bid"":37},""daily_outcomes_curve"":[{""spend"":0,""reach"":0,""impressions"":0,""actions"":0}],""estimate_dau"":1097,""estimate_mau"":3500,""estimate_ready"":true}]}",,"{'flexible_spec': [{'behaviors': [{'id': 6026404871583}]}], 'publisher_platforms': ['facebook'], 'geo_locations': {'location_types': [u'home', u'recent'], u'countries': [u'SV']}, 'age_min': 13, 'genders': [0], 'age_max': None}",1526830298,"[""facebook""]"
61,{u'min': 13},"(('genders', 0), ('ages_ranges', {u'min': 13}), ('geo_locations', {u'values': [u'SV'], u'name': u'countries', u'location_types': [u'home', u'recent']}), (u'citizenship', {u'or': [6015559470583], u'name': u'Ex-pats (All)'}))",,"{u'or': [6015559470583], u'name': u'Ex-pats (All)'}",464,,0.0,"{u'values': [u'SV'], u'name': u'countries', u'location_types': [u'home', u'recent']}",,,,1000,Colombia,,"{""data"":[{""bid_estimate"":{""min_bid"":0,""median_bid"":0,""max_bid"":0},""daily_outcomes_curve"":[{""spend"":0,""reach"":0,""impressions"":0,""actions"":0}],""estimate_dau"":464,""estimate_mau"":1000,""estimate_ready"":false}]}",,"{'flexible_spec': [{'behaviors': [{'id': 6015559470583}]}], 'publisher_platforms': ['facebook'], 'geo_locations': {'location_types': [u'home', u'recent'], u'countries': [u'SV']}, 'age_min': 13, 'genders': [0], 'age_max': None}",1526830298,"[""facebook""]"
62,{u'min': 13},"(('genders', 0), ('ages_ranges', {u'min': 13}), ('geo_locations', {u'values': [u'SV'], u'name': u'countries', u'location_types': [u'home', u'recent']}), (u'citizenship', None))",,,1930559,,0.0,"{u'values': [u'SV'], u'name': u'countries', u'location_types': [u'home', u'recent']}",,,,3600000,Colombia,,"{""data"":[{""bid_estimate"":{""min_bid"":12,""median_bid"":15,""max_bid"":19},""daily_outcomes_curve"":[{""spend"":0,""reach"":0,""impressions"":0,""actions"":0}],""estimate_dau"":1930559,""estimate_mau"":3600000,""estimate_ready"":true}]}",,"{'flexible_spec': [], 'publisher_platforms': ['facebook'], 'geo_locations': {'location_types': [u'home', u'recent'], u'countries': [u'SV']}, 'age_min': 13, 'genders': [0], 'age_max': None}",1526830298,"[""facebook""]"
63,{u'min': 13},"(('genders', 0), ('ages_ranges', {u'min': 13}), ('geo_locations', {u'values': [u'BZ'], u'name': u'countries', u'location_types': [u'home', u'recent']}), (u'citizenship', {u'or': [6026404871583], u'name': u'Expats (Venezuela)'}))",,"{u'or': [6026404871583], u'name': u'Expats (Venezuela)'}",0,,0.0,"{u'values': [u'BZ'], u'name': u'countries', u'location_types': [u'home', u'recent']}",,,,1000,Colombia,,"{""data"":[{""bid_estimate"":{""min_bid"":0,""median_bid"":0,""max_bid"":0},""daily_outcomes_curve"":[{""spend"":0,""reach"":0,""impressions"":0,""actions"":0}],""estimate_dau"":0,""estimate_mau"":1000,""estimate_ready"":true}]}",,"{'flexible_spec': [{'behaviors': [{'id': 6026404871583}]}], 'publisher_platforms': ['facebook'], 'geo_locations': {'location_types': [u'home', u'recent'], u'countries': [u'BZ']}, 'age_min': 13, 'genders': [0], 'age_max': None}",1526830298,"[""facebook""]"
64,{u'min': 13},"(('genders', 0), ('ages_ranges', {u'min': 13}), ('geo_locations', {u'values': [u'BZ'], u'name': u'countries', u'location_types': [u'home', u'recent']}), (u'citizenship', {u'or': [6015559470583], u'name': u'Ex-pats (All)'}))",,"{u'or': [6015559470583], u'name': u'Ex-pats (All)'}",19627,,0.0,"{u'values': [u'BZ'], u'name': u'countries', u'location_types': [u'home', u'recent']}",,,,35000,Colombia,,"{""data"":[{""bid_estimate"":{""min_bid"":14,""median_bid"":18,""max_bid"":25},""daily_outcomes_curve"":[{""spend"":0,""reach"":0,""impressions"":0,""actions"":0}],""estimate_dau"":19627,""estimate_mau"":35000,""estimate_ready"":true}]}",,"{'flexible_spec': [{'behaviors': [{'id': 6015559470583}]}], 'publisher_platforms': ['facebook'], 'geo_locations': {'location_types': [u'home', u'recent'], u'countries': [u'BZ']}, 'age_min': 13, 'genders': [0], 'age_max': None}",1526830298,"[""facebook""]"
65,{u'min': 13},"(('genders', 0), ('ages_ranges', {u'min': 13}), ('geo_locations', {u'values': [u'BZ'], u'name': u'countries', u'location_types': [u'home', u'recent']}), (u'citizenship', None))",,,127555,,0.0,"{u'values': [u'BZ'], u'name': u'countries', u'location_types': [u'home', u'recent']}",,,,210000,Colombia,,"{""data"":[{""bid_estimate"":{""min_bid"":12,""median_bid"":15,""max_bid"":20},""daily_outcomes_curve"":[{""spend"":0,""reach"":0,""impressions"":0,""actions"":0}],""estimate_dau"":127555,""estimate_mau"":210000,""estimate_ready"":true}]}",,"{'flexible_spec': [], 'publisher_platforms': ['facebook'], 'geo_locations': {'location_types': [u'home', u'recent'], u'countries': [u'BZ']}, 'age_min': 13, 'genders': [0], 'age_max': None}",1526830298,"[""facebook""]"
66,{u'min': 13},"(('genders', 0), ('ages_ranges', {u'min': 13}), ('geo_locations', {u'values': [u'PR'], u'name': u'countries', u'location_types': [u'home', u'recent']}), (u'citizenship', {u'or': [6026404871583], u'name': u'Expats (Venezuela)'}))",,"{u'or': [6026404871583], u'name': u'Expats (Venezuela)'}",526,,0.0,"{u'values': [u'PR'], u'name': u'countries', u'location_types': [u'home', u'recent']}",,,,1000,Colombia,,"{""data"":[{""bid_estimate"":{""min_bid"":0,""median_bid"":0,""max_bid"":0},""daily_outcomes_curve"":[{""spend"":0,""reach"":0,""impressions"":0,""actions"":0}],""estimate_dau"":526,""estimate_mau"":1000,""estimate_ready"":false}]}",,"{'flexible_spec': [{'behaviors': [{'id': 6026404871583}]}], 'publisher_platforms': ['facebook'], 'geo_locations': {'location_types': [u'home', u'recent'], u'countries': [u'PR']}, 'age_min': 13, 'genders': [0], 'age_max': None}",1526830298,"[""facebook""]"
67,{u'min': 13},"(('genders', 0), ('ages_ranges', {u'min': 13}), ('geo_locations', {u'values': [u'PR'], u'name': u'countries', u'location_types': [u'home', u'recent']}), (u'citizenship', {u'or': [6015559470583], u'name': u'Ex-pats (All)'}))",,"{u'or': [6015559470583], u'name': u'Ex-pats (All)'}",161168,,0.0,"{u'values': [u'PR'], u'name': u'countries', u'location_types': [u'home', u'recent']}",,,,220000,Colombia,,"{""data"":[{""bid_estimate"":{""min_bid"":40,""median_bid"":52,""max_bid"":71},""daily_outcomes_curve"":[{""spend"":0,""reach"":0,""impressions"":0,""actions"":0}],""estimate_dau"":161168,""estimate_mau"":220000,""estimate_ready"":true}]}",,"{'flexible_spec': [{'behaviors': [{'id': 6015559470583}]}], 'publisher_platforms': ['facebook'], 'geo_locations': {'location_types': [u'home', u'recent'], u'countries': [u'PR']}, 'age_min': 13, 'genders': [0], 'age_max': None}",1526830298,"[""facebook""]"
68,{u'min': 13},"(('genders', 0), ('ages_ranges', {u'min': 13}), ('geo_locations', {u'values': [u'PR'], u'name': u'countries', u'location_types': [u'home', u'recent']}), (u'citizenship', None))",,,737,,0.0,"{u'values': [u'PR'], u'name': u'countries', u'location_types': [u'home', u'recent']}",,,,2000000,Colombia,,"{""data"":[{""bid_estimate"":{""min_bid"":36,""median_bid"":47,""max_bid"":66},""daily_outcomes_curve"":[{""spend"":0,""reach"":0,""impressions"":0,""actions"":0}],""estimate_dau"":737,""estimate_mau"":2000000,""estimate_ready"":true}]}",,"{'flexible_spec': [], 'publisher_platforms': ['facebook'], 'geo_locations': {'location_types': [u'home', u'recent'], u'countries': [u'PR']}, 'age_min': 13, 'genders': [0], 'age_max': None}",1526830298,"[""facebook""]"
69,{u'min': 13},"(('genders', 0), ('ages_ranges', {u'min': 13}), ('geo_locations', {u'values': [u'JM'], u'name': u'countries', u'location_types': [u'home', u'recent']}), (u'citizenship', {u'or': [6026404871583], u'name': u'Expats (Venezuela)'}))",,"{u'or': [6026404871583], u'name': u'Expats (Venezuela)'}",332,,0.0,"{u'values': [u'JM'], u'name': u'countries', u'location_types': [u'home', u'recent']}",,,,1000,Colombia,,"{""data"":[{""bid_estimate"":{""min_bid"":26,""median_bid"":35,""max_bid"":51},""daily_outcomes_curve"":[{""spend"":0,""reach"":0,""impressions"":0,""actions"":0}],""estimate_dau"":332,""estimate_mau"":1000,""estimate_ready"":true}]}",,"{'flexible_spec': [{'behaviors': [{'id': 6026404871583}]}], 'publisher_platforms': ['facebook'], 'geo_locations': {'location_types': [u'home', u'recent'], u'countries': [u'JM']}, 'age_min': 13, 'genders': [0], 'age_max': None}",1526830298,"[""facebook""]"
70,{u'min': 13},"(('genders', 0), ('ages_ranges', {u'min': 13}), ('geo_locations', {u'values': [u'JM'], u'name': u'countries', u'location_types': [u'home', u'recent']}), (u'citizenship', {u'or': [6015559470583], u'name': u'Ex-pats (All)'}))",,"{u'or': [6015559470583], u'name': u'Ex-pats (All)'}",50296,,0.0,"{u'values': [u'JM'], u'name': u'countries', u'location_types': [u'home', u'recent']}",,,,110000,Colombia,,"{""data"":[{""bid_estimate"":{""min_bid"":23,""median_bid"":29,""max_bid"":39},""daily_outcomes_curve"":[{""spend"":0,""reach"":0,""impressions"":0,""actions"":0}],""estimate_dau"":50296,""estimate_mau"":110000,""estimate_ready"":true}]}",,"{'flexible_spec': [{'behaviors': [{'id': 6015559470583}]}], 'publisher_platforms': ['facebook'], 'geo_locations': {'location_types': [u'home', u'recent'], u'countries': [u'JM']}, 'age_min': 13, 'genders': [0], 'age_max': None}",1526830298,"[""facebook""]"
71,{u'min': 13},"(('genders', 0), ('ages_ranges', {u'min': 13}), ('geo_locations', {u'values': [u'JM'], u'name': u'countries', u'location_types': [u'home', u'recent']}), (u'citizenship', None))",,,533279,,0.0,"{u'values': [u'JM'], u'name': u'countries', u'location_types': [u'home', u'recent']}",,,,1000,Colombia,,"{""data"":[{""bid_estimate"":{""min_bid"":0,""median_bid"":0,""max_bid"":0},""daily_outcomes_curve"":[{""spend"":0,""reach"":0,""impressions"":0,""actions"":0}],""estimate_dau"":533279,""estimate_mau"":1000,""estimate_ready"":false}]}",,"{'flexible_spec': [], 'publisher_platforms': ['facebook'], 'geo_locations': {'location_types': [u'home', u'recent'], u'countries': [u'JM']}, 'age_min': 13, 'genders': [0], 'age_max': None}",1526830298,"[""facebook""]"
